{
  "lookahead": 24,
  "catboost_params": {
    "iterations": 200,
    "depth": 10,
    "learning_rate": 0.010857479416604475,
    "l2_leaf_reg": 6.887755454466095,
    "random_strength": 3.7687949913749077,
    "min_data_in_leaf": 65
  }
}